url	verb	hash	graphname
https://search.idigbio.org/v2/search/records/?rq=%7B%22family%22%3A%22Andrenidae%22%2c%22hasImage%22%3A%22true%22%7D&limit=10&offset=0	http://purl.org/pav/hasVersion	hash://sha256/f2cdbb41783ddee78964b6dbd517364810ed67ba0d6a04c98cea821958bb45dc	0ce9b31f-ee7a-411e-a3c0-b419cdd4b69c
https://search.idigbio.org/v2/view/mediarecords/9eb732e4-ee0a-4114-b99f-ea13f728c9fe	http://purl.org/pav/hasVersion	hash://sha256/0fc4a09b99d793336f0172cae44634f6fe57376998efe5da1de626f6764a7536	50fdd4e4-7e5c-408e-8a4c-2497d38f839f
https://api.idigbio.org/v2/media/9eb732e4-ee0a-4114-b99f-ea13f728c9fe?size=thumbnail	http://purl.org/pav/hasVersion	hash://sha256/391c3a89b1f654b7f5f375ea14bc5b401815486539363d4641579bbd5ea770fe	e5622c28-3584-4f2e-a2e1-4c331592ac5e
https://api.idigbio.org/v2/media/9eb732e4-ee0a-4114-b99f-ea13f728c9fe?size=webview	http://purl.org/pav/hasVersion	hash://sha256/86ebca8e260316b6b4e0022504b3273be721e80624657df71065b589112f9833	96b65386-cfb8-4fb7-8ee3-9d86504de973
https://api.idigbio.org/v2/media/9eb732e4-ee0a-4114-b99f-ea13f728c9fe?size=fullsize	http://purl.org/pav/hasVersion	hash://sha256/fb094ebe0ff220664af30b89e30ee04f0220c89675a52785c5552d9dee7eeea8	7f2565c6-39cb-4de7-b695-83465daaff51
https://search.idigbio.org/v2/view/mediarecords/41fe66c2-c52c-42a2-b36b-def12ed40d43	http://purl.org/pav/hasVersion	hash://sha256/a404059930ec2d03a9e4eb2d2e3d59a10eb19511b4361962d12ff44f29ef28e4	b9054a23-d551-45d9-83ca-83c3820ea321
https://api.idigbio.org/v2/media/41fe66c2-c52c-42a2-b36b-def12ed40d43?size=thumbnail	http://purl.org/pav/hasVersion	hash://sha256/85a8e4dc10bef12373fc6179f23da8fe72890582ebde714cc882995d1d2200ed	3536bf78-1551-41cb-94d0-5e5e73eb6e6b
https://api.idigbio.org/v2/media/41fe66c2-c52c-42a2-b36b-def12ed40d43?size=webview	http://purl.org/pav/hasVersion	hash://sha256/94ef54dc7168de321e30101bf8f7a4d7d78fc726f404c6a33fd4c68bc1b1d462	c6a4c010-8385-47e3-b1b2-e55eeff0639d
https://api.idigbio.org/v2/media/41fe66c2-c52c-42a2-b36b-def12ed40d43?size=fullsize	http://purl.org/pav/hasVersion	hash://sha256/d9563542c66618346d1aa9017d40d4008c3b148150a521c6bcae0a95d045eff4	35d8ed5e-4e23-4fa0-97b2-34c966e94fd3
https://search.idigbio.org/v2/view/mediarecords/6e0122c9-28b7-4bd2-9a0c-46bb3346c713	http://purl.org/pav/hasVersion	hash://sha256/40e68f00bb5d4ad0a68d6b5c3e8aa857f396ec200094bcb9dfb84a008733a8a6	05515ef1-f70e-4c41-9fa7-435efd94bc04
https://api.idigbio.org/v2/media/6e0122c9-28b7-4bd2-9a0c-46bb3346c713?size=thumbnail	http://purl.org/pav/hasVersion	hash://sha256/380b769e5d5b8383c0da67b52b7b49390a7c7f4adaca80fe4b960eb1adc19f76	56a85de6-0f41-49ab-801b-86c5895e60c1
https://api.idigbio.org/v2/media/6e0122c9-28b7-4bd2-9a0c-46bb3346c713?size=webview	http://purl.org/pav/hasVersion	hash://sha256/4f08237a5a27cfdbe051f4b99cd7d0b4492c67a505c51c39c299a89d0ee1aefa	42f8aaf0-c93f-4d17-9394-13ccbfd38c9e
https://api.idigbio.org/v2/media/6e0122c9-28b7-4bd2-9a0c-46bb3346c713?size=fullsize	http://purl.org/pav/hasVersion	hash://sha256/05b41ea4707614b20c1f55b47979989ee10ed62dd17322afab1451750df8119e	c8cb297e-4403-47ee-8746-a9c95aa8af67
https://search.idigbio.org/v2/view/mediarecords/0b5b4499-1055-4adc-9017-be1dc5914c13	http://purl.org/pav/hasVersion	hash://sha256/409ff4db56a08075e4f1ee18a65c6608efba457a67cfa2c581946f081ea85f40	488cafce-783d-4a03-a735-f53d7362820f
https://api.idigbio.org/v2/media/0b5b4499-1055-4adc-9017-be1dc5914c13?size=thumbnail	http://purl.org/pav/hasVersion	hash://sha256/30745c36cd081b51d18ef52317578579c9cd4d0481e0d7f9105995cd495cef2a	b245e252-73c9-4144-8584-ec0076e317ef
https://api.idigbio.org/v2/media/0b5b4499-1055-4adc-9017-be1dc5914c13?size=webview	http://purl.org/pav/hasVersion	hash://sha256/3c5449afc40b280472d7e27e4d1362cd990413500d354291b4edbdc142f2dae0	8f6ab0f7-e401-4ab8-8d91-75d744556d21
https://api.idigbio.org/v2/media/0b5b4499-1055-4adc-9017-be1dc5914c13?size=fullsize	http://purl.org/pav/hasVersion	hash://sha256/8d49bd24f6ba300b4de44fd218b53294f4cc0106cd9631018ef819b38345c75d	7be1ae4a-7b50-497e-b9d2-f696ab4bb046
https://search.idigbio.org/v2/view/mediarecords/0c262b4e-3d2e-4a91-8968-45615e9ba6a5	http://purl.org/pav/hasVersion	hash://sha256/5c8cfdedd669d47262b71cb5e6e64ae97afe0126e0b6c4c45ce1ba730f8d73db	283611a9-753a-4331-8848-c6a8948858f9
https://api.idigbio.org/v2/media/0c262b4e-3d2e-4a91-8968-45615e9ba6a5?size=thumbnail	http://purl.org/pav/hasVersion	hash://sha256/19480c56726ccbd863cb8cdcc0758d6f49b80928073cb3455b20ab3c5b95e720	ba23ad67-372b-45dd-91e4-7f2bfce4ae2c
https://api.idigbio.org/v2/media/0c262b4e-3d2e-4a91-8968-45615e9ba6a5?size=webview	http://purl.org/pav/hasVersion	hash://sha256/16a29f361e35869f92352973a4dd1ab22ae2ef6c92f6fae6292c2634bfde314b	e27f2371-8c9f-4adb-a6ec-cb13d4529a2b
https://api.idigbio.org/v2/media/0c262b4e-3d2e-4a91-8968-45615e9ba6a5?size=fullsize	http://purl.org/pav/hasVersion	hash://sha256/c2a4d2a475471f401499cfa02072d60ad018528815d519c3b4ed38ab4b71fc21	682a86f0-434e-41ec-aac2-34cfe0a72522
https://search.idigbio.org/v2/view/mediarecords/6e0df331-3ccf-4b7c-8e8d-7bc512d69a1a	http://purl.org/pav/hasVersion	hash://sha256/3fc823d127aaf849a2cdfe8f00fb9c9d07eb17d1669cabcd81ea62373e116280	e0e012a8-657e-4fef-9c8d-a5afbd421fec
https://api.idigbio.org/v2/media/6e0df331-3ccf-4b7c-8e8d-7bc512d69a1a?size=thumbnail	http://purl.org/pav/hasVersion	hash://sha256/596f73d5e1974511d4efec6256e11ef4ea811365bdd866fd4243200757790f27	bbe57531-2cee-425b-8d89-6c0e544eec2d
https://api.idigbio.org/v2/media/6e0df331-3ccf-4b7c-8e8d-7bc512d69a1a?size=webview	http://purl.org/pav/hasVersion	hash://sha256/801d5fee4eeca030c67d4133e18ffb30e89ce20f9738f73d1a640408e0d34bd5	9f8bde66-a82f-4190-a05b-3a50c37a18a8
https://api.idigbio.org/v2/media/6e0df331-3ccf-4b7c-8e8d-7bc512d69a1a?size=fullsize	http://purl.org/pav/hasVersion	hash://sha256/edde5b2b45961e356f27b81a3aa51584de4761ad9fa678c4b9fa3230808ea356	50142d15-69b3-40b6-b964-b27f5811a2a6
https://search.idigbio.org/v2/view/mediarecords/2337cdf9-3cc8-431b-ba45-5cb52271d320	http://purl.org/pav/hasVersion	hash://sha256/90e2fafe1c253bd57fa0ae25f01fb722b6bcd0cb6935677c8881b8a8604798b7	c37022f4-841a-418f-a87c-f59525e43135
https://api.idigbio.org/v2/media/2337cdf9-3cc8-431b-ba45-5cb52271d320?size=thumbnail	http://purl.org/pav/hasVersion	hash://sha256/551f24cf212a31610aa1e42860cf8908f7669b6f40dbba4b78cb06f029a318fb	c160a8e2-e4ff-4dd4-9453-1a08ab4f1406
https://api.idigbio.org/v2/media/2337cdf9-3cc8-431b-ba45-5cb52271d320?size=webview	http://purl.org/pav/hasVersion	hash://sha256/4b7c8c526552e731e6da91fb60c27a8180b09929643169c3d53d5e87bc9cd7aa	31d91c0a-76f9-4266-a3cf-16aa5e399aec
https://api.idigbio.org/v2/media/2337cdf9-3cc8-431b-ba45-5cb52271d320?size=fullsize	http://purl.org/pav/hasVersion	hash://sha256/c8d76302d65470cb9e49e50f51e38562844a65d7fd4229235b5df449e1e8b8a2	e75084b5-abf0-48fc-ac36-0ab3f55a540d
https://search.idigbio.org/v2/view/mediarecords/4b559603-596c-4684-ac61-ec12817f5048	http://purl.org/pav/hasVersion	hash://sha256/6a1c881028ff2361da48cb4df94f44dc092841f4c87f62eb299e33658b060bf4	f0d3b1a2-f2e2-40a0-9f38-cc1953a1a912
https://api.idigbio.org/v2/media/4b559603-596c-4684-ac61-ec12817f5048?size=thumbnail	http://purl.org/pav/hasVersion	hash://sha256/5110d76657bc1654ee56567eab2e8dcb8d8a71bd629993ec1dd5ac80f9cb7892	b48141bb-45af-43ce-b1f9-780687e3ec4b
https://api.idigbio.org/v2/media/4b559603-596c-4684-ac61-ec12817f5048?size=webview	http://purl.org/pav/hasVersion	hash://sha256/01817b72a0c187bc6a57dff28d312b1502f1efe261fb5ab02b467ee172bed647	d9ecb958-96be-47af-8ee0-b7816bf1e971
https://api.idigbio.org/v2/media/4b559603-596c-4684-ac61-ec12817f5048?size=fullsize	http://purl.org/pav/hasVersion	hash://sha256/afc4ef6ada77a280b9ed3b8efed1050ba0ce7f4772da1ad4b392b40149f57e90	c286e0cc-5aa9-415e-a219-cba0802ac2e5
https://search.idigbio.org/v2/view/mediarecords/b427c1b8-c143-4acf-9ddc-a3dc24b00356	http://purl.org/pav/hasVersion	hash://sha256/8c432fe86a24157aa66254a7f122c704f917468cc4c08b6153bc007f6c895d71	7b34baa6-f7d8-44d5-b460-af282ffa5825
https://api.idigbio.org/v2/media/b427c1b8-c143-4acf-9ddc-a3dc24b00356?size=thumbnail	http://purl.org/pav/hasVersion	hash://sha256/d71f3e7eafa2af520a1749bac9e94f043b3c902e4929ea65d4f0cdef1a5c76a1	8b482ae5-e5f1-491f-9c3a-c41f3c52e8bc
https://api.idigbio.org/v2/media/b427c1b8-c143-4acf-9ddc-a3dc24b00356?size=webview	http://purl.org/pav/hasVersion	hash://sha256/91008c03f932551746cbf20a223ae2412ddf61d6cd468f7d6da8095ecc357179	addb2917-252e-4394-994f-4525e70dfa30
https://api.idigbio.org/v2/media/b427c1b8-c143-4acf-9ddc-a3dc24b00356?size=fullsize	http://purl.org/pav/hasVersion	hash://sha256/5ec9d2dc9d643dd80767287b54f0ccd9443a20f9f7838cdfb091635570193fd0	72c4b397-c62c-47d6-92d7-3c1dd1b4c9ed
https://search.idigbio.org/v2/view/mediarecords/45cb4a17-ece9-4ea7-8b33-6fa740a5ee7d	http://purl.org/pav/hasVersion	hash://sha256/ddb7a308521dc82db0709eb33828d2e41cc3f3d44180be12ae9e8c58c4546a2f	33837b3e-4e8e-4a12-8eaa-a45cd72be8c4
https://api.idigbio.org/v2/media/45cb4a17-ece9-4ea7-8b33-6fa740a5ee7d?size=thumbnail	http://purl.org/pav/hasVersion	hash://sha256/10c53f957548b40e2a02ea7d371051deb32e90f9a40fa3e7432dd4c6b0d1fad2	57e8ae70-fc81-4d26-b1a0-e538e71b6b7e
https://api.idigbio.org/v2/media/45cb4a17-ece9-4ea7-8b33-6fa740a5ee7d?size=webview	http://purl.org/pav/hasVersion	hash://sha256/33751546e56561d9ae02b0d50d6eb91ca19b6aba6860fd8cd18e67674021ea29	80528f26-a9a2-4f54-a3c5-86cac00b7222
https://api.idigbio.org/v2/media/45cb4a17-ece9-4ea7-8b33-6fa740a5ee7d?size=fullsize	http://purl.org/pav/hasVersion	hash://sha256/1ea303ce9c0dc6e5f57812ccb77143d0fdd32043c8b485e64210a19caaf8b90b	5b8f56a5-e009-49b1-b4ea-cc7cd08069f8
https://search.idigbio.org/v2/view/mediarecords/f9704d93-4aaf-40ae-8f97-afac522a0768	http://purl.org/pav/hasVersion	hash://sha256/30bb7296d81018d8839082ddd3e4ab71ba0c802881ae14e2f976e3892df9d258	c1c9d789-8f95-4cd2-ac5c-f38c16662379
https://api.idigbio.org/v2/media/f9704d93-4aaf-40ae-8f97-afac522a0768?size=thumbnail	http://purl.org/pav/hasVersion	hash://sha256/7cc1559d64fb5c055cfac065e639f492b0b4b9dec7cd0f4ca71d1c16b5a12d53	5cfeebf1-8bc5-44fe-b957-1fd5018a7e71
https://api.idigbio.org/v2/media/f9704d93-4aaf-40ae-8f97-afac522a0768?size=webview	http://purl.org/pav/hasVersion	hash://sha256/913f9c36be392c575c9edbb2cd3606c914e6a058f0982fd52ecbd145e5846b30	40ed861b-9740-4306-83ca-5adfb57d4dbb
https://api.idigbio.org/v2/media/f9704d93-4aaf-40ae-8f97-afac522a0768?size=fullsize	http://purl.org/pav/hasVersion	hash://sha256/2fe6ce2f5ff5ec67e613c7385d70d0cc07a4de307e68bc661ea2faa818d86f53	54d743ec-1414-4fe5-8333-eb2532bb7c4d
https://search.idigbio.org/v2/view/mediarecords/212f47f9-5f8a-41ba-b370-7b1456e29037	http://purl.org/pav/hasVersion	hash://sha256/1cf805cd684412d78c10688acc862d592cc5e2c0d3804fe8a4463abeb77a8145	4643d226-6361-4d55-9877-c77f097b902e
https://api.idigbio.org/v2/media/212f47f9-5f8a-41ba-b370-7b1456e29037?size=thumbnail	http://purl.org/pav/hasVersion	hash://sha256/2720aebf55df031252f546079a1a58ff5ab955198a9496f8a1d6277110c467da	7d7437d0-4236-4a9e-8d5d-9c15c5048f24
https://api.idigbio.org/v2/media/212f47f9-5f8a-41ba-b370-7b1456e29037?size=webview	http://purl.org/pav/hasVersion	hash://sha256/7cf007df665785d5d6150845ac67fd24322a38b8da51cffaa0d6c133cf361baa	bbf58e15-d83d-4c62-bd5a-82a3331b2b15
https://api.idigbio.org/v2/media/212f47f9-5f8a-41ba-b370-7b1456e29037?size=fullsize	http://purl.org/pav/hasVersion	hash://sha256/ba9c1dd8f7127c718938a6f2484112d53dbc7e27b64839a07509a22069ce8d57	1b560e7d-cf22-4a62-98fb-97ea58b1b8d3
https://search.idigbio.org/v2/view/mediarecords/18ce08d5-f6d0-401b-b966-3d82fecb16de	http://purl.org/pav/hasVersion	hash://sha256/1d1257435e137c63148110a9ae185c09564b0788a1171ca74d7aa222f8230295	e14d9821-62eb-430d-8ff4-d654d047cff5
https://api.idigbio.org/v2/media/18ce08d5-f6d0-401b-b966-3d82fecb16de?size=thumbnail	http://purl.org/pav/hasVersion	hash://sha256/415752587cee21808b34866ffeed25a6949d728210a0b7a4eda68f9463d5a511	a2ac2e4d-874d-4df5-b525-8ec1b8ed3749
https://api.idigbio.org/v2/media/18ce08d5-f6d0-401b-b966-3d82fecb16de?size=webview	http://purl.org/pav/hasVersion	hash://sha256/f4d90bfd53b26b9281665020ab53f93cdb4bcfaa1f06b84d214531507ace539c	8157374d-1eed-41c8-8015-4adfa9d512ef
https://api.idigbio.org/v2/media/18ce08d5-f6d0-401b-b966-3d82fecb16de?size=fullsize	http://purl.org/pav/hasVersion	hash://sha256/bb73e3faefbdbdd0bf1a44d5328f740a37870090bbac7fdc0e31c5d8ece4faf7	632af5d9-c9e5-43d0-a258-baf4a5fc3dff
https://search.idigbio.org/v2/view/mediarecords/58267379-7d45-422c-bdf5-bd49f342bfc2	http://purl.org/pav/hasVersion	hash://sha256/a74bff60e2d0f66cb7efe44bdf4f1da1ac46e4c0f94e7e449fad6eaaa8bcc6fe	b5964706-9e1e-4764-b390-d699843b0bb7
https://api.idigbio.org/v2/media/58267379-7d45-422c-bdf5-bd49f342bfc2?size=thumbnail	http://purl.org/pav/hasVersion	hash://sha256/9c9b2357500dda49bb6df0c939585939ccc5a7b89518d288285a5a9740781ef1	953d2817-cc13-4fa3-ae74-e362eeb5ccea
https://api.idigbio.org/v2/media/58267379-7d45-422c-bdf5-bd49f342bfc2?size=webview	http://purl.org/pav/hasVersion	hash://sha256/df546b366c2ba90f9f2a532ddb5ecb990793993473ab2051b78572778b7f0db1	760446ec-959b-4830-901d-7b8faf87d4fa
https://api.idigbio.org/v2/media/58267379-7d45-422c-bdf5-bd49f342bfc2?size=fullsize	http://purl.org/pav/hasVersion	hash://sha256/9e71e60cbaebde7eb60bab1c3de2f312e6bdf5467dc0a4e6e61f4b700fb4f74f	a4d1fa42-a3c3-4b6a-a53d-ab80f1cfdbbf
https://search.idigbio.org/v2/view/mediarecords/fd3f0f06-5de6-429d-95e3-0ca913379ca5	http://purl.org/pav/hasVersion	hash://sha256/e96307292469f02ea57428c296195c17e5326177cfc8c747ae5dd8b4c821a7c7	ad3d456e-d667-494e-bdea-0e7c6f0eed71
https://api.idigbio.org/v2/media/fd3f0f06-5de6-429d-95e3-0ca913379ca5?size=thumbnail	http://purl.org/pav/hasVersion	hash://sha256/0ab9853e0115b91d08a2a8a46953ff52a3b97bd40b6fb41d725fcd91ef7d21cc	cdf9c8b1-91a2-414e-8f30-caae973bad1b
https://api.idigbio.org/v2/media/fd3f0f06-5de6-429d-95e3-0ca913379ca5?size=webview	http://purl.org/pav/hasVersion	hash://sha256/a9c5f3f4680c63682ad8fe58ed3a0331e2f42a6f99229a0a4007144c4ae7857a	f7ca1beb-5b8b-4d83-b245-abf80bb9fe95
https://api.idigbio.org/v2/media/fd3f0f06-5de6-429d-95e3-0ca913379ca5?size=fullsize	http://purl.org/pav/hasVersion	hash://sha256/70e88aabfa19eb0175d6936b541fa29f61e5435bb8d4c0413f87fd9c1ae50206	8c07cf4b-6090-474f-bbac-50bdb4281035
https://search.idigbio.org/v2/view/mediarecords/3493e8c3-6ba7-49af-9d05-d59e8e582531	http://purl.org/pav/hasVersion	hash://sha256/eb1fef3359920b372f0fc2d7ff1e08248c6c1c5355778092048d72154a2d5ffd	45af6357-4fea-473e-8380-8cd83e0f420e
https://api.idigbio.org/v2/media/3493e8c3-6ba7-49af-9d05-d59e8e582531?size=thumbnail	http://purl.org/pav/hasVersion	hash://sha256/f9d090a90b922c5960b3e75de5c941785262aa81413f7a9fc2a08c8819dc3c35	6e26ea15-32d8-4a2a-86c3-30a7a26051d2
https://api.idigbio.org/v2/media/3493e8c3-6ba7-49af-9d05-d59e8e582531?size=webview	http://purl.org/pav/hasVersion	hash://sha256/d64a8fbc22059c4e0b3a650a8bbe73931aa227e801eea6ad3fd95227a14e84a0	264bf752-944e-45c1-b399-206c4fa0e398
https://api.idigbio.org/v2/media/3493e8c3-6ba7-49af-9d05-d59e8e582531?size=fullsize	http://purl.org/pav/hasVersion	hash://sha256/65b4908bf976226ddeb42c5ead38ef31abc67b637994f9ca3592daa92caac2d8	129a94ff-183e-4c50-868b-57a322329760
https://search.idigbio.org/v2/view/mediarecords/e5177c6d-6fbb-4e47-9fff-b0781fe9daf8	http://purl.org/pav/hasVersion	hash://sha256/b8abcc0bae28ab3505bfd3fa0b2b154d3f37d2f9cf806d396c7f18bc3e5dfcf7	0d685844-fc33-4a01-acfa-86484427cb15
https://api.idigbio.org/v2/media/e5177c6d-6fbb-4e47-9fff-b0781fe9daf8?size=thumbnail	http://purl.org/pav/hasVersion	hash://sha256/44f688aea6752f4e70fd6f9d42bbcf36b9467da82f24b90f88792bb5e7a54d89	b3375c36-57ca-49df-bb7e-fdb4c51c7443
https://api.idigbio.org/v2/media/e5177c6d-6fbb-4e47-9fff-b0781fe9daf8?size=webview	http://purl.org/pav/hasVersion	hash://sha256/2d27ac4095cbd9ecbe58d27eb06bd83123b6df461dbd942daf6037b8481aa270	6cfcef35-48be-460d-a6fb-6f3df5de97a4
https://api.idigbio.org/v2/media/e5177c6d-6fbb-4e47-9fff-b0781fe9daf8?size=fullsize	http://purl.org/pav/hasVersion	hash://sha256/1bcbc2c3cc8f8853a88707e925c62637d9e013d0d1b69b62a8f7a7600f29ab5d	a0f4c0b7-facf-449d-9426-5a490be5a16f
https://search.idigbio.org/v2/view/mediarecords/496d3050-b7cc-4ff0-a45c-bc524e0b7f9d	http://purl.org/pav/hasVersion	hash://sha256/3e1d9fc220d481fb0a95c9a9bb5200bf051cfaa7985795b4eac787beb1a35607	657c7816-5af4-450d-b370-8b24604088b8
https://api.idigbio.org/v2/media/496d3050-b7cc-4ff0-a45c-bc524e0b7f9d?size=thumbnail	http://purl.org/pav/hasVersion	hash://sha256/b35175f28166e888f4346f74d9a203b4c198318bddeb314c2ac8313545ec08d5	3d589a6a-c51f-4186-b432-5f70aa0838a7
https://api.idigbio.org/v2/media/496d3050-b7cc-4ff0-a45c-bc524e0b7f9d?size=webview	http://purl.org/pav/hasVersion	hash://sha256/0e6b4590dbb8f2fd131d71e92af7fc46d77e8a333b162ef9b757fd722141c5f9	8c4906a9-f735-4c20-a05a-9c572cca8157
https://api.idigbio.org/v2/media/496d3050-b7cc-4ff0-a45c-bc524e0b7f9d?size=fullsize	http://purl.org/pav/hasVersion	hash://sha256/79d795bff23567be10d36934facc8befca300e426d0abbd7c273269fe8ec427b	eab369ba-aeb7-4c07-83c7-58b2c55fe3ec
https://search.idigbio.org/v2/view/mediarecords/f159c24f-2d48-472e-bf09-84941e6ce3ad	http://purl.org/pav/hasVersion	hash://sha256/4f79571d1adc76efeb0409fa876b8d2b10de9c9dc209c877d755d55d050aa2a0	f5c8a512-e752-4f23-a299-9c20f71727c4
https://api.idigbio.org/v2/media/f159c24f-2d48-472e-bf09-84941e6ce3ad?size=thumbnail	http://purl.org/pav/hasVersion	hash://sha256/5c90e72d37612609c182c5f4d95dc1078c77dcd96f6d746673394dcd4fd473d3	d2f27eb7-d41b-45cf-ba55-b59363b1dddc
https://api.idigbio.org/v2/media/f159c24f-2d48-472e-bf09-84941e6ce3ad?size=webview	http://purl.org/pav/hasVersion	hash://sha256/62ecc8f6ffab8a98fddbd450df78e581ad2a7a98745d8def7641cb5624b711b2	764892f1-ac85-4b2a-952a-d8c7bc7de933
https://api.idigbio.org/v2/media/f159c24f-2d48-472e-bf09-84941e6ce3ad?size=fullsize	http://purl.org/pav/hasVersion	hash://sha256/a80172c529a2895070d8199886d0f42b87863990508a747e5cbd81230bb9424a	a64db86c-c644-4a2a-b4e1-16732bb23f53
https://search.idigbio.org/v2/view/mediarecords/9441373c-ba83-4a58-b085-495a5fdcafe9	http://purl.org/pav/hasVersion	hash://sha256/6359ab9137fd3d7d3cca3adeaa174bafff3c9403a6001a72c7de05f63778e355	28e8ded7-c4ab-4b15-bc26-082ce3fa7d33
https://api.idigbio.org/v2/media/9441373c-ba83-4a58-b085-495a5fdcafe9?size=thumbnail	http://purl.org/pav/hasVersion	hash://sha256/782583c7f73e0a15da0f41d9babc9dc9c25a8f6fe434a69982f0a4ec47932d41	d07f3e7a-610e-418c-b315-e91538a9162f
https://api.idigbio.org/v2/media/9441373c-ba83-4a58-b085-495a5fdcafe9?size=webview	http://purl.org/pav/hasVersion	hash://sha256/60d82ece0a90609a774f01e5dbcbe12884069f03824fd53426c028aa0bce67f4	15b598e8-1429-4175-87db-8a709426e034
https://api.idigbio.org/v2/media/9441373c-ba83-4a58-b085-495a5fdcafe9?size=fullsize	http://purl.org/pav/hasVersion	hash://sha256/1746da52eef2b61cd3c77997650cd780f72504189eeb838b567151a8141fe6d9	2fb3467a-aa2b-4d96-b69d-5afc9e7caab5
https://search.idigbio.org/v2/view/mediarecords/1fe61a8b-497f-4fd0-96be-e4c2a9b8fa1b	http://purl.org/pav/hasVersion	hash://sha256/88f1f83aa475e0dbff25c46993a5f9e85189c07a3e6da4ae02c1f642e4bee51e	e472a96c-e8c2-405a-84c9-c8f1b36144c5
https://api.idigbio.org/v2/media/1fe61a8b-497f-4fd0-96be-e4c2a9b8fa1b?size=thumbnail	http://purl.org/pav/hasVersion	hash://sha256/5c4edf1b8517b56e81e87cafeef92d09a736e7a09a2689654a146e00e2f03f7d	78ec4a0c-63a0-4919-af0a-a039b9aafe7e
https://api.idigbio.org/v2/media/1fe61a8b-497f-4fd0-96be-e4c2a9b8fa1b?size=webview	http://purl.org/pav/hasVersion	hash://sha256/080d885a55d7b7a430147e8414a6cc608e5b886962da0c9230e4fc8e53f7dc75	2944e82e-3a72-4e76-b0f4-fcdd3ba881f1
https://api.idigbio.org/v2/media/1fe61a8b-497f-4fd0-96be-e4c2a9b8fa1b?size=fullsize	http://purl.org/pav/hasVersion	hash://sha256/f1d08450583127e797ea621a486d1f15106849093dc28c37219f1859768f9bba	1eddebef-f5e2-4597-9865-0d63fecd36c8
https://search.idigbio.org/v2/view/mediarecords/00ae6047-e0ea-442c-9d56-1b422892ff76	http://purl.org/pav/hasVersion	hash://sha256/f09c1f6529c86693333318394d13d7375191593af745645d2cf420bee08fa506	634b5f85-75f0-4b63-8181-d69192f2a0cb
https://api.idigbio.org/v2/media/00ae6047-e0ea-442c-9d56-1b422892ff76?size=thumbnail	http://purl.org/pav/hasVersion	hash://sha256/90c3559ce51a4fe8ce0da14723bd9947edbbaf420f23080a8cd3a453dbb6d392	58c84426-425b-4c98-986e-2520abf8717a
https://api.idigbio.org/v2/media/00ae6047-e0ea-442c-9d56-1b422892ff76?size=webview	http://purl.org/pav/hasVersion	hash://sha256/934a1abc8d940ab6c50141912c51fdd8fa56453fb3e18af4be7e555f04ac21e0	3f5933f7-1900-4787-a2df-1a9b254d5244
https://search.idigbio.org/v2/view/mediarecords/7384b8fb-2477-4a68-8776-09125516b8b0	http://purl.org/pav/hasVersion	hash://sha256/bbaa273d4b11aa6b77b2abbbd5c21c0e898f26a5871960cadfce681b08c71ae4	a398c324-85d5-4947-9326-e60ce9a6a57f
https://api.idigbio.org/v2/media/7384b8fb-2477-4a68-8776-09125516b8b0?size=thumbnail	http://purl.org/pav/hasVersion	hash://sha256/360bcb1006972a6b3c1b6b9624028720eee08caaf314e8489e2c30d61f4fad2f	a5a4cf1b-6175-4d79-8ab9-3ca93e18522a
https://api.idigbio.org/v2/media/7384b8fb-2477-4a68-8776-09125516b8b0?size=webview	http://purl.org/pav/hasVersion	hash://sha256/360bcb1006972a6b3c1b6b9624028720eee08caaf314e8489e2c30d61f4fad2f	f7f7b881-daa6-4a85-a758-b9c820ac59c5
https://api.idigbio.org/v2/media/7384b8fb-2477-4a68-8776-09125516b8b0?size=fullsize	http://purl.org/pav/hasVersion	hash://sha256/360bcb1006972a6b3c1b6b9624028720eee08caaf314e8489e2c30d61f4fad2f	3909f852-12c0-4f2e-824c-2966d5bbc301
https://search.idigbio.org/v2/view/mediarecords/019be279-b347-4869-9087-6264487af53c	http://purl.org/pav/hasVersion	hash://sha256/ebee3e4af6a887a386003fc2f7709abd7c6818ddfa615b7b39cb370e45c291b3	32664aba-ca35-47ce-9ff9-282f3c2ec6f6
https://api.idigbio.org/v2/media/019be279-b347-4869-9087-6264487af53c?size=thumbnail	http://purl.org/pav/hasVersion	hash://sha256/360bcb1006972a6b3c1b6b9624028720eee08caaf314e8489e2c30d61f4fad2f	a8b65021-1dd4-4fc8-b7ce-48193f256e4d
https://api.idigbio.org/v2/media/019be279-b347-4869-9087-6264487af53c?size=webview	http://purl.org/pav/hasVersion	hash://sha256/360bcb1006972a6b3c1b6b9624028720eee08caaf314e8489e2c30d61f4fad2f	6cd74a40-916a-4f3b-a80c-da90f9baa3a9
https://api.idigbio.org/v2/media/019be279-b347-4869-9087-6264487af53c?size=fullsize	http://purl.org/pav/hasVersion	hash://sha256/360bcb1006972a6b3c1b6b9624028720eee08caaf314e8489e2c30d61f4fad2f	841e14c4-5568-43f1-a248-580bff4483b6
https://search.idigbio.org/v2/view/mediarecords/e1bc9e74-23df-45d3-8858-b0bee878ef2e	http://purl.org/pav/hasVersion	hash://sha256/c8301822b41a4791726a59dd5eb02144d7f67150b8508ebc7b120348184e368a	92377080-168f-4486-abf8-c2df937ca51a
https://api.idigbio.org/v2/media/e1bc9e74-23df-45d3-8858-b0bee878ef2e?size=thumbnail	http://purl.org/pav/hasVersion	hash://sha256/360bcb1006972a6b3c1b6b9624028720eee08caaf314e8489e2c30d61f4fad2f	8b11abd9-ef41-4468-ae95-87cd20739014
https://api.idigbio.org/v2/media/e1bc9e74-23df-45d3-8858-b0bee878ef2e?size=webview	http://purl.org/pav/hasVersion	hash://sha256/360bcb1006972a6b3c1b6b9624028720eee08caaf314e8489e2c30d61f4fad2f	459c4ee0-95c8-4c92-bcce-5fed7849046f
https://api.idigbio.org/v2/media/e1bc9e74-23df-45d3-8858-b0bee878ef2e?size=fullsize	http://purl.org/pav/hasVersion	hash://sha256/360bcb1006972a6b3c1b6b9624028720eee08caaf314e8489e2c30d61f4fad2f	8f2d5136-3a15-4676-912f-f9bad4c5d003
https://search.idigbio.org/v2/view/mediarecords/baabbba3-8549-41f1-a49b-27e5aee8e6df	http://purl.org/pav/hasVersion	hash://sha256/17c3b6680ce6414b68f0b7348aea5e30c5ea7083324350077a8919865e83dac2	90c28df3-16b6-4cc0-ba58-c9761a1838f8
https://api.idigbio.org/v2/media/baabbba3-8549-41f1-a49b-27e5aee8e6df?size=thumbnail	http://purl.org/pav/hasVersion	hash://sha256/360bcb1006972a6b3c1b6b9624028720eee08caaf314e8489e2c30d61f4fad2f	0ab6c6de-05e5-4948-bc79-0643086a3df7
https://api.idigbio.org/v2/media/baabbba3-8549-41f1-a49b-27e5aee8e6df?size=webview	http://purl.org/pav/hasVersion	hash://sha256/360bcb1006972a6b3c1b6b9624028720eee08caaf314e8489e2c30d61f4fad2f	4eb72264-4a2a-4306-a034-58cd70af4e45
https://api.idigbio.org/v2/media/baabbba3-8549-41f1-a49b-27e5aee8e6df?size=fullsize	http://purl.org/pav/hasVersion	hash://sha256/360bcb1006972a6b3c1b6b9624028720eee08caaf314e8489e2c30d61f4fad2f	19b83060-fae0-42d5-90b8-0b6a0a39962a
https://search.idigbio.org/v2/view/mediarecords/4a2e8684-abdb-4bc7-a6dd-5f92aa9dfcf0	http://purl.org/pav/hasVersion	hash://sha256/a0cc098f0a32be40eaaea0437d2342276340f49015a788ae5e0062378a8a81c7	66187564-8b71-49e6-bea6-b1c4a8c9d428
https://api.idigbio.org/v2/media/4a2e8684-abdb-4bc7-a6dd-5f92aa9dfcf0?size=thumbnail	http://purl.org/pav/hasVersion	hash://sha256/360bcb1006972a6b3c1b6b9624028720eee08caaf314e8489e2c30d61f4fad2f	74a75315-ff3b-4651-b2c2-5484a2b487b6
https://api.idigbio.org/v2/media/4a2e8684-abdb-4bc7-a6dd-5f92aa9dfcf0?size=webview	http://purl.org/pav/hasVersion	hash://sha256/360bcb1006972a6b3c1b6b9624028720eee08caaf314e8489e2c30d61f4fad2f	ab5bccc8-b402-44da-a9c3-abc6628d4e11
https://api.idigbio.org/v2/media/4a2e8684-abdb-4bc7-a6dd-5f92aa9dfcf0?size=fullsize	http://purl.org/pav/hasVersion	hash://sha256/360bcb1006972a6b3c1b6b9624028720eee08caaf314e8489e2c30d61f4fad2f	ff568f8a-0230-4aab-b213-950346c3ebb4
https://search.idigbio.org/v2/view/mediarecords/b9443102-293d-4e7b-8fce-6f29aea42756	http://purl.org/pav/hasVersion	hash://sha256/2f98bb0cbaaca8d40de96ad4b86822f35cc95cec552c98953a8b3cd2c8fd7857	ac26fc6e-aa9d-44c4-a019-d6c6057e9c9f
https://api.idigbio.org/v2/media/b9443102-293d-4e7b-8fce-6f29aea42756?size=thumbnail	http://purl.org/pav/hasVersion	hash://sha256/360bcb1006972a6b3c1b6b9624028720eee08caaf314e8489e2c30d61f4fad2f	e8307889-230a-4d91-890e-ecd85540cde7
https://api.idigbio.org/v2/media/b9443102-293d-4e7b-8fce-6f29aea42756?size=webview	http://purl.org/pav/hasVersion	hash://sha256/360bcb1006972a6b3c1b6b9624028720eee08caaf314e8489e2c30d61f4fad2f	76ea72f5-a737-4dc9-a393-ac1b1a5d5df0
https://api.idigbio.org/v2/media/b9443102-293d-4e7b-8fce-6f29aea42756?size=fullsize	http://purl.org/pav/hasVersion	hash://sha256/360bcb1006972a6b3c1b6b9624028720eee08caaf314e8489e2c30d61f4fad2f	524e20a6-f6fe-4cc6-b9a0-a6f779607ea1
https://search.idigbio.org/v2/view/mediarecords/f2c8ab37-9ad4-4c69-bc0c-2a738bf4b14e	http://purl.org/pav/hasVersion	hash://sha256/94fb12b948b28f873f0ececbda58b751afdea2007c042bb92ea78b3713c25317	1e6ccae3-3262-48fc-b423-3dd7a8213338
https://api.idigbio.org/v2/media/f2c8ab37-9ad4-4c69-bc0c-2a738bf4b14e?size=thumbnail	http://purl.org/pav/hasVersion	hash://sha256/360bcb1006972a6b3c1b6b9624028720eee08caaf314e8489e2c30d61f4fad2f	22974d7b-7cd4-4fed-aed0-a8360083e1cf
https://api.idigbio.org/v2/media/f2c8ab37-9ad4-4c69-bc0c-2a738bf4b14e?size=webview	http://purl.org/pav/hasVersion	hash://sha256/360bcb1006972a6b3c1b6b9624028720eee08caaf314e8489e2c30d61f4fad2f	23bb9388-4b52-4753-94e0-4d52b358ff0c
https://api.idigbio.org/v2/media/f2c8ab37-9ad4-4c69-bc0c-2a738bf4b14e?size=fullsize	http://purl.org/pav/hasVersion	hash://sha256/360bcb1006972a6b3c1b6b9624028720eee08caaf314e8489e2c30d61f4fad2f	74eed3c1-e13b-41d5-999e-13eaa1c46793
https://search.idigbio.org/v2/view/mediarecords/7df9001f-5a68-4a95-8b3f-804f6826ba65	http://purl.org/pav/hasVersion	hash://sha256/334aa164f741c4c7faca63b8b74d6414a0a8ff1a328d87f095c54f469fdafdca	c8db9fd1-66e4-44c5-8c10-d2423f4c903f
https://api.idigbio.org/v2/media/7df9001f-5a68-4a95-8b3f-804f6826ba65?size=thumbnail	http://purl.org/pav/hasVersion	hash://sha256/360bcb1006972a6b3c1b6b9624028720eee08caaf314e8489e2c30d61f4fad2f	7d836a6a-85b3-4a5e-9dc9-e6ff8f456c3e
https://api.idigbio.org/v2/media/7df9001f-5a68-4a95-8b3f-804f6826ba65?size=webview	http://purl.org/pav/hasVersion	hash://sha256/360bcb1006972a6b3c1b6b9624028720eee08caaf314e8489e2c30d61f4fad2f	3320c5a4-1f38-4938-b0fa-41220bd18333
https://api.idigbio.org/v2/media/7df9001f-5a68-4a95-8b3f-804f6826ba65?size=fullsize	http://purl.org/pav/hasVersion	hash://sha256/360bcb1006972a6b3c1b6b9624028720eee08caaf314e8489e2c30d61f4fad2f	a0f22023-71af-42a4-b389-735f8a8da84c
https://search.idigbio.org/v2/view/mediarecords/cfb413ca-a208-49bb-b584-d3cd535e4de9	http://purl.org/pav/hasVersion	hash://sha256/81148278a14e73a61c79325afc8956ac821c895eaaaec6168b0c9ff2dbbc9487	9c7dfcd8-6b87-47e4-965b-8ceff047a385
https://api.idigbio.org/v2/media/cfb413ca-a208-49bb-b584-d3cd535e4de9?size=thumbnail	http://purl.org/pav/hasVersion	hash://sha256/360bcb1006972a6b3c1b6b9624028720eee08caaf314e8489e2c30d61f4fad2f	81ecd299-4863-4246-81bf-a448213ae8f2
https://api.idigbio.org/v2/media/cfb413ca-a208-49bb-b584-d3cd535e4de9?size=webview	http://purl.org/pav/hasVersion	hash://sha256/360bcb1006972a6b3c1b6b9624028720eee08caaf314e8489e2c30d61f4fad2f	6c0613c7-f907-4109-bff3-12de80caa8cd
https://api.idigbio.org/v2/media/cfb413ca-a208-49bb-b584-d3cd535e4de9?size=fullsize	http://purl.org/pav/hasVersion	hash://sha256/360bcb1006972a6b3c1b6b9624028720eee08caaf314e8489e2c30d61f4fad2f	fbe5c46b-1261-4a68-86e0-9f2dd94bb4ec
https://search.idigbio.org/v2/view/mediarecords/0b30de94-b579-4602-b535-73db1ae3a9b1	http://purl.org/pav/hasVersion	hash://sha256/4076e2ae615a1e890ff3f523744508b3658bc88959f0ad9e5e01d82aa6500a3f	afe1aee4-f729-469f-b4ab-9c25c2d2576f
https://api.idigbio.org/v2/media/0b30de94-b579-4602-b535-73db1ae3a9b1?size=thumbnail	http://purl.org/pav/hasVersion	hash://sha256/360bcb1006972a6b3c1b6b9624028720eee08caaf314e8489e2c30d61f4fad2f	2fd1cb38-533a-478e-93cd-da29ec4c9b88
https://api.idigbio.org/v2/media/0b30de94-b579-4602-b535-73db1ae3a9b1?size=webview	http://purl.org/pav/hasVersion	hash://sha256/360bcb1006972a6b3c1b6b9624028720eee08caaf314e8489e2c30d61f4fad2f	8c98d40e-783b-400f-8968-19aed2394eb9
https://api.idigbio.org/v2/media/0b30de94-b579-4602-b535-73db1ae3a9b1?size=fullsize	http://purl.org/pav/hasVersion	hash://sha256/360bcb1006972a6b3c1b6b9624028720eee08caaf314e8489e2c30d61f4fad2f	6674f920-ccc9-4e49-a030-b1816509a7c4
https://search.idigbio.org/v2/view/mediarecords/750d3bc9-8fdd-4a5f-88a5-f19153041b9e	http://purl.org/pav/hasVersion	hash://sha256/8564af06c9ab5b6b153f3f55a43d351b8813eae935516d807a391240e3efcb72	01daf922-b4ce-46b4-a4e1-abf611d252b6
https://api.idigbio.org/v2/media/750d3bc9-8fdd-4a5f-88a5-f19153041b9e?size=thumbnail	http://purl.org/pav/hasVersion	hash://sha256/1cf38803b87e64cf03ea33ba689e75c9eb69d2fb4b4d879b989ef3bae8bac0a5	a86dc5f9-36a4-4bb8-b3ba-4e50cc5ce126
https://api.idigbio.org/v2/media/750d3bc9-8fdd-4a5f-88a5-f19153041b9e?size=webview	http://purl.org/pav/hasVersion	hash://sha256/24997c1814e7de487da341ed04240d4521d39293445a8c88494a743ad563c9c4	dba4837a-a115-460b-a684-119e97597f89
https://api.idigbio.org/v2/media/750d3bc9-8fdd-4a5f-88a5-f19153041b9e?size=fullsize	http://purl.org/pav/hasVersion	hash://sha256/74c8924e140957c2bdada368d356ae12222b4a8de48126e12282fd7ba00dd2ef	88c9686b-8d13-498a-ad5c-79b9675dc12c
https://search.idigbio.org/v2/view/mediarecords/b7a6eebf-2241-4475-b886-a3fb9e448333	http://purl.org/pav/hasVersion	hash://sha256/d07c7fa82c5721a087b616ec26b65c6cc9fe692eddff353c9b908ddf79ea5be9	26ea1aad-5904-49c4-9c1f-11a23db1d2c1
https://api.idigbio.org/v2/media/b7a6eebf-2241-4475-b886-a3fb9e448333?size=thumbnail	http://purl.org/pav/hasVersion	hash://sha256/a7ed6359322b047fee30e3ecc591882da13e57be8467af01b2c3dcc295a59767	b3efad5f-4e57-438b-8bdc-5a21f9f51936
https://api.idigbio.org/v2/media/b7a6eebf-2241-4475-b886-a3fb9e448333?size=webview	http://purl.org/pav/hasVersion	hash://sha256/53dbf163a9cebd31f34ab67b7b5d9fb6268108fda5fc570e0cf6bad26b2dd94c	228b54a1-e3a0-450e-9e1e-2c64d4e35248
https://api.idigbio.org/v2/media/b7a6eebf-2241-4475-b886-a3fb9e448333?size=fullsize	http://purl.org/pav/hasVersion	hash://sha256/6cd84ea89d81d2ef6bd4d66b10d9776827a3fc12ec4fad77dcf5a6e9d157749f	6dc2ce77-c739-43e8-abb9-52181327f758
https://search.idigbio.org/v2/view/mediarecords/1f458d4f-8adf-4179-a2da-0c712528a217	http://purl.org/pav/hasVersion	hash://sha256/5e0fd3e1ed74a21bee0021a28a79cf9e7a584327fb16210c2d781ee599323034	75d90cc0-ba4e-4194-82d7-3595f710aaf2
https://api.idigbio.org/v2/media/1f458d4f-8adf-4179-a2da-0c712528a217?size=thumbnail	http://purl.org/pav/hasVersion	hash://sha256/360bcb1006972a6b3c1b6b9624028720eee08caaf314e8489e2c30d61f4fad2f	8233a5ce-e71f-43a7-b626-a111a4dcafa9
https://api.idigbio.org/v2/media/1f458d4f-8adf-4179-a2da-0c712528a217?size=webview	http://purl.org/pav/hasVersion	hash://sha256/360bcb1006972a6b3c1b6b9624028720eee08caaf314e8489e2c30d61f4fad2f	75a57bee-f50a-421d-b2ed-869847e49631
https://api.idigbio.org/v2/media/1f458d4f-8adf-4179-a2da-0c712528a217?size=fullsize	http://purl.org/pav/hasVersion	hash://sha256/360bcb1006972a6b3c1b6b9624028720eee08caaf314e8489e2c30d61f4fad2f	ccb91b0c-6da2-43d4-bc2f-9d2d8c23ad67
https://search.idigbio.org/v2/view/mediarecords/27bb5ec9-0899-4090-869a-cc9467f36fb2	http://purl.org/pav/hasVersion	hash://sha256/84c99e4676cb3af816840ce943c9ad2a7e0dbbbc02d6e4c524071ed0a3807300	4f7ac9ad-205f-44de-88d9-001199ac391e
https://api.idigbio.org/v2/media/27bb5ec9-0899-4090-869a-cc9467f36fb2?size=thumbnail	http://purl.org/pav/hasVersion	hash://sha256/360bcb1006972a6b3c1b6b9624028720eee08caaf314e8489e2c30d61f4fad2f	4b6dbaae-498d-468a-821f-e9f2d92f11f7
https://api.idigbio.org/v2/media/27bb5ec9-0899-4090-869a-cc9467f36fb2?size=webview	http://purl.org/pav/hasVersion	hash://sha256/360bcb1006972a6b3c1b6b9624028720eee08caaf314e8489e2c30d61f4fad2f	fc65abbb-2208-49b8-a299-73435dd06fb9
https://api.idigbio.org/v2/media/27bb5ec9-0899-4090-869a-cc9467f36fb2?size=fullsize	http://purl.org/pav/hasVersion	hash://sha256/360bcb1006972a6b3c1b6b9624028720eee08caaf314e8489e2c30d61f4fad2f	700ea649-83f4-4d77-bd06-c5dc5c2a1979
https://search.idigbio.org/v2/view/mediarecords/ac1c7a43-eecb-4868-b024-ee90374c34ae	http://purl.org/pav/hasVersion	hash://sha256/29722d06c6958c8dc1349077357a604bb6cd319f8ac76f473ec4d5d1791b3b2d	e997847b-f1e2-4402-bcc6-8a9cbaaf520b
https://api.idigbio.org/v2/media/ac1c7a43-eecb-4868-b024-ee90374c34ae?size=thumbnail	http://purl.org/pav/hasVersion	hash://sha256/360bcb1006972a6b3c1b6b9624028720eee08caaf314e8489e2c30d61f4fad2f	8bad8d89-6aca-418d-9696-c5229fb029d3
https://api.idigbio.org/v2/media/ac1c7a43-eecb-4868-b024-ee90374c34ae?size=webview	http://purl.org/pav/hasVersion	hash://sha256/360bcb1006972a6b3c1b6b9624028720eee08caaf314e8489e2c30d61f4fad2f	a5979a47-31be-4e29-b2eb-b4572fda02e9
https://api.idigbio.org/v2/media/ac1c7a43-eecb-4868-b024-ee90374c34ae?size=fullsize	http://purl.org/pav/hasVersion	hash://sha256/360bcb1006972a6b3c1b6b9624028720eee08caaf314e8489e2c30d61f4fad2f	a934b4e8-9aeb-4b09-965d-c2c170a4917e
https://search.idigbio.org/v2/view/mediarecords/aeec710c-b827-4f75-a20d-25dcc27ce5a8	http://purl.org/pav/hasVersion	hash://sha256/639296a6ab5f98cf0d42d53fe2e9419c18622edb00e6bafb6b46dce4054ee6e1	098a7a56-29df-4642-a9f8-ab0a3e69e1fb
https://api.idigbio.org/v2/media/aeec710c-b827-4f75-a20d-25dcc27ce5a8?size=thumbnail	http://purl.org/pav/hasVersion	hash://sha256/360bcb1006972a6b3c1b6b9624028720eee08caaf314e8489e2c30d61f4fad2f	003d611d-0974-4bca-bc9a-26088bc074b2
https://api.idigbio.org/v2/media/aeec710c-b827-4f75-a20d-25dcc27ce5a8?size=webview	http://purl.org/pav/hasVersion	hash://sha256/360bcb1006972a6b3c1b6b9624028720eee08caaf314e8489e2c30d61f4fad2f	82ae57ef-0ce4-43f0-8109-ae1b1c88d9a1
https://api.idigbio.org/v2/media/aeec710c-b827-4f75-a20d-25dcc27ce5a8?size=fullsize	http://purl.org/pav/hasVersion	hash://sha256/360bcb1006972a6b3c1b6b9624028720eee08caaf314e8489e2c30d61f4fad2f	a5a7ddf8-63f3-4aa8-aa38-72a93e9d37bb
https://search.idigbio.org/v2/view/mediarecords/2fdba26b-aa4c-4a38-b13e-8238ac20af39	http://purl.org/pav/hasVersion	hash://sha256/0a4df9db3a9359858ed89a2f669d52c6cdc629a0ff0e9b1c190d29c407a6651e	c1c31075-8d4a-4070-be16-e104ff01fc86
https://api.idigbio.org/v2/media/2fdba26b-aa4c-4a38-b13e-8238ac20af39?size=thumbnail	http://purl.org/pav/hasVersion	hash://sha256/360bcb1006972a6b3c1b6b9624028720eee08caaf314e8489e2c30d61f4fad2f	5739cd49-bcdc-41a2-b4bb-dce29d707b13
https://api.idigbio.org/v2/media/2fdba26b-aa4c-4a38-b13e-8238ac20af39?size=webview	http://purl.org/pav/hasVersion	hash://sha256/360bcb1006972a6b3c1b6b9624028720eee08caaf314e8489e2c30d61f4fad2f	64e63c06-9051-44b9-863b-e14d7941ff77
https://api.idigbio.org/v2/media/2fdba26b-aa4c-4a38-b13e-8238ac20af39?size=fullsize	http://purl.org/pav/hasVersion	hash://sha256/360bcb1006972a6b3c1b6b9624028720eee08caaf314e8489e2c30d61f4fad2f	f910718c-f164-495f-b174-a6556f6e68dd
http://mczbase.mcz.harvard.edu/specimen_images/entomology/paleo/large/PALE-2012_Lithandrena_saxorum_holotype_2.jpg	http://purl.org/pav/hasVersion	hash://sha256/fb094ebe0ff220664af30b89e30ee04f0220c89675a52785c5552d9dee7eeea8	5a6a4b9e-a6db-4b57-b1ef-43ed1af80715
http://mczbase.mcz.harvard.edu/specimen_images/entomology/paleo/large/PALE-2012_Lithandrena_saxorum_holotype.jpg	http://purl.org/pav/hasVersion	hash://sha256/473543b13ba7263f16682cb1091d37a47ba699a940a432848fc12b0eadce6829	53d2fb6b-3895-40e5-9715-e9a59d72266d
http://mczbase.mcz.harvard.edu/specimen_images/entomology/large/MCZ-ENT00017219_Spinoliella_puellae_win.jpg	http://purl.org/pav/hasVersion	hash://sha256/05b41ea4707614b20c1f55b47979989ee10ed62dd17322afab1451750df8119e	2ade4df1-ce7b-4f44-82be-c02a257a7e1e
http://mczbase.mcz.harvard.edu/specimen_images/entomology/large/MCZ-ENT00017219_Spinoliella_puellae_hal.jpg	http://purl.org/pav/hasVersion	hash://sha256/8d49bd24f6ba300b4de44fd218b53294f4cc0106cd9631018ef819b38345c75d	efb96eb3-b76e-4519-bb9b-24d9955d2e22
http://mczbase.mcz.harvard.edu/specimen_images/entomology/large/MCZ-ENT00017219_Spinoliella_puellae_lbs.jpg	http://purl.org/pav/hasVersion	hash://sha256/c2a4d2a475471f401499cfa02072d60ad018528815d519c3b4ed38ab4b71fc21	e36e41b0-f939-4631-a9dd-be4b4dc09275
http://mczbase.mcz.harvard.edu/specimen_images/entomology/large/MCZ-ENT00017219_Spinoliella_puellae_hef.jpg	http://purl.org/pav/hasVersion	hash://sha256/edde5b2b45961e356f27b81a3aa51584de4761ad9fa678c4b9fa3230808ea356	b9b80aba-aa5f-48b2-a8f7-943368e8fa96
http://mczbase.mcz.harvard.edu/specimen_images/entomology/large/MCZ-ENT00017219_Spinoliella_puellae_had.jpg	http://purl.org/pav/hasVersion	hash://sha256/c8d76302d65470cb9e49e50f51e38562844a65d7fd4229235b5df449e1e8b8a2	5e1bafaa-e71b-4c59-95ef-c69bc050a3f0
http://mczbase.mcz.harvard.edu/specimen_images/entomology/large/MCZ-ENT00033404_Leptophanthus_nitidus_fwg.jpg	http://purl.org/pav/hasVersion	hash://sha256/afc4ef6ada77a280b9ed3b8efed1050ba0ce7f4772da1ad4b392b40149f57e90	2473359c-bee0-4c05-9054-8083a0e1bb97
http://mczbase.mcz.harvard.edu/specimen_images/entomology/large/MCZ-ENT00033404_Leptophanthus_nitidus_hal.jpg	http://purl.org/pav/hasVersion	hash://sha256/5ec9d2dc9d643dd80767287b54f0ccd9443a20f9f7838cdfb091635570193fd0	599a9d0d-22ae-4173-ad44-ff6e62b45551
http://mczbase.mcz.harvard.edu/specimen_images/entomology/large/MCZ-ENT00033404_Leptophanthus_nitidus_hef.jpg	http://purl.org/pav/hasVersion	hash://sha256/1ea303ce9c0dc6e5f57812ccb77143d0fdd32043c8b485e64210a19caaf8b90b	40f891e1-8004-4d5d-b2f2-945f5029fc06
http://mczbase.mcz.harvard.edu/specimen_images/entomology/large/MCZ-ENT00033404_Leptophanthus_nitidus_had.jpg	http://purl.org/pav/hasVersion	hash://sha256/2fe6ce2f5ff5ec67e613c7385d70d0cc07a4de307e68bc661ea2faa818d86f53	53a4b071-f204-4382-8420-a743a5cf6486
http://mczbase.mcz.harvard.edu/specimen_images/entomology/large/MCZ-ENT00033404_Leptophanthus_nitidus_lbs.jpg	http://purl.org/pav/hasVersion	hash://sha256/ba9c1dd8f7127c718938a6f2484112d53dbc7e27b64839a07509a22069ce8d57	87501dc2-94be-4ac2-8711-9bc16d714dbe
http://mczbase.mcz.harvard.edu/specimen_images/entomology/large/MCZ-ENT00017218_Siphanthus_sabulosus_hal.jpg	http://purl.org/pav/hasVersion	hash://sha256/bb73e3faefbdbdd0bf1a44d5328f740a37870090bbac7fdc0e31c5d8ece4faf7	6fcbe76f-b85b-43be-8e6b-4ad1845509e1
http://mczbase.mcz.harvard.edu/specimen_images/entomology/large/MCZ-ENT00017218_Siphanthus_sabulosus_fwg.jpg	http://purl.org/pav/hasVersion	hash://sha256/9e71e60cbaebde7eb60bab1c3de2f312e6bdf5467dc0a4e6e61f4b700fb4f74f	266b54f2-4c62-432c-9e5e-596cb5ddf135
http://mczbase.mcz.harvard.edu/specimen_images/entomology/large/MCZ-ENT00017218_Siphanthus_sabulosus_had.jpg	http://purl.org/pav/hasVersion	hash://sha256/70e88aabfa19eb0175d6936b541fa29f61e5435bb8d4c0413f87fd9c1ae50206	28c31d91-ff84-4c7d-ab95-3268e42a663c
http://mczbase.mcz.harvard.edu/specimen_images/entomology/large/MCZ-ENT00017218_Siphanthus_sabulosus_lbs.jpg	http://purl.org/pav/hasVersion	hash://sha256/65b4908bf976226ddeb42c5ead38ef31abc67b637994f9ca3592daa92caac2d8	15e6998c-7505-4314-a497-c91cb2686051
http://mczbase.mcz.harvard.edu/specimen_images/entomology/paleo/large/PALE-2013_Andrena_sepulta_holotype_2.jpg	http://purl.org/pav/hasVersion	hash://sha256/1bcbc2c3cc8f8853a88707e925c62637d9e013d0d1b69b62a8f7a7600f29ab5d	b86d54d5-0b5d-4108-8fda-3cfb51fa1973
http://mczbase.mcz.harvard.edu/specimen_images/entomology/paleo/large/PALE-2013_Andrena_sepulta_holotype.jpg	http://purl.org/pav/hasVersion	hash://sha256/86b657f8828b235371322894c65ec62909f62f874c1b1528e49edddb5fc2271a	f8f48694-6d92-4cdc-a18d-a9f4ef552eb9
http://mczbase.mcz.harvard.edu/specimen_images/entomology/paleo/large/PALE-3913_Andrena_percontusa_holotype_1.jpg	http://purl.org/pav/hasVersion	hash://sha256/8fc23b5ace0c78f631cd2ac7f0bb361f6d3a7dd5f707fc1e7f3e71817ae2f915	1239d155-8efa-43c6-aa4d-46ee8a62a199
http://mczbase.mcz.harvard.edu/specimen_images/entomology/paleo/large/PALE-3913_Andrena_percontusa_holotype_2.jpg	http://purl.org/pav/hasVersion	hash://sha256/f85bc4595ad5df3e4563d26216c1de6b001d42575277b3dba2ddf6b279288d57	8c33cbbe-ac52-4321-a9c7-ae380f6c7062
http://mczbase.mcz.harvard.edu/specimen_images/entomology/paleo/large/PALE-3913_Andrena_percontusa_holotype_3.jpg	http://purl.org/pav/hasVersion	hash://sha256/04db5a8b1c86db52bbbc7a0164164f2529e39500f3078f13e3fb7a35c6b8395d	ad2dbb3d-cacc-46d0-97d5-a71b9e5f1853
http://mczbase.mcz.harvard.edu/specimen_images/entomology/paleo/large/PALE-3913_Andrena_percontusa_holotype_4.jpg	http://purl.org/pav/hasVersion	hash://sha256/6585d7b59c50be468bdbdf7f2b080d42116a2171d3c6ebbee32b279cf39a99f2	fcd747dc-f4dc-467b-8890-d0d480ca5d80
http://n2t.net/ark:/65665/m35aa904db-6928-44ee-8966-940fe735a5ad	http://purl.org/pav/hasVersion	hash://sha256/695a8adab8203732e3d0f09a7b613e57b3d398ebb696b36bd939cdf1daef67ac	50ed8e0b-4e02-4c4d-9328-45be3711d1af
http://n2t.net/ark:/65665/m33b88f90f-301f-4d78-96b1-2a577ecc8b68	http://purl.org/pav/hasVersion	hash://sha256/b207694a3967638d3792fb96af0b655ec46a4ea90c76c5bef114d4f700ce61b2	3374e5a2-c249-4caf-b5b2-1b44d5b59131
http://n2t.net/ark:/65665/m3e07727c6-13bf-4cd7-9fd3-ff7b606954ed	http://purl.org/pav/hasVersion	hash://sha256/64632b9829acf42b55fc9f4bf351554d218ed979d520ba5c5e69de2d66e30a0e	4bae3130-d673-4cc7-9353-792330350d01
http://n2t.net/ark:/65665/m373c21c2c-4d79-41ec-8947-c01ef71c56f9	http://purl.org/pav/hasVersion	hash://sha256/447c904baa283957b135af466743ecb93cac43f034d5bf6b2743e139b6fa96ac	3359c24c-3709-4277-880a-fb2078672c60
http://n2t.net/ark:/65665/m37299344c-f420-44c6-b32b-68cd1f64d65f	http://purl.org/pav/hasVersion	hash://sha256/6f4cb78eba271cfa0dd9b362be99a03257d7aae538c7be76a6338bcc1e92bc3e	acd52349-5e78-4548-a059-45b1adf23330
http://n2t.net/ark:/65665/m3c6d68c58-4b24-4afb-9bb6-fa9e54fa207e	http://purl.org/pav/hasVersion	hash://sha256/ce90b4dbdc75fdea40fc4577a35912dc61a43bd4e2d49486646b996bf946f858	554eda17-807d-419f-b2ce-805eec2c3dca
http://n2t.net/ark:/65665/m382b3db38-876b-4288-b853-67e9f58226fd	http://purl.org/pav/hasVersion	hash://sha256/fdfa673fdeb7dda2020190525abeb706751fc72b73c325653661c1a44f894a54	5afeeda8-dd51-4d74-98de-3cf3dbac2879
http://n2t.net/ark:/65665/m3a49a7d91-fccf-4039-b458-0576d6a933ae	http://purl.org/pav/hasVersion	hash://sha256/26a641f6cfd1853ea1e1860eb1bf0e8bb3472924551984369c99943c4e211b91	2fcbe97c-52ac-458a-8557-0499c78bf94e
http://n2t.net/ark:/65665/m3e2484941-f0d7-4cbc-8859-64eabd9bf79c	http://purl.org/pav/hasVersion	hash://sha256/06e1f32d8180318a974bffd9119d72b705b34e51f8694466744a503c9e987faa	7a6ca21a-905d-4f68-99ed-efd9de941e4a
http://n2t.net/ark:/65665/m33005e389-ae4e-47e2-bde3-a345a85422de	http://purl.org/pav/hasVersion	hash://sha256/08ed6d9f96bb71e4e547527d702a297fe38ac2af48dbf388b829da0ceae5dc71	a4878c16-4a13-4666-b648-ae0bac511f70
http://mczbase.mcz.harvard.edu/specimen_images/entomology/paleo/large/PALE-2014_Andrena_clavula_holotype.jpg	http://purl.org/pav/hasVersion	hash://sha256/71be33fe0c41f51c9f82fc5c195fa832d2c720a9e64bc7c9dd3ea725b194d96a	b43b22f6-9298-4e49-a1a6-0eb9d4133931
http://mczbase.mcz.harvard.edu/specimen_images/entomology/paleo/large/PALE-2014_Andrena_clavula_holotype_2.jpg	http://purl.org/pav/hasVersion	hash://sha256/6cd84ea89d81d2ef6bd4d66b10d9776827a3fc12ec4fad77dcf5a6e9d157749f	2d62d0b9-09ce-48cc-9e4b-af6bd627f4bd
http://n2t.net/ark:/65665/m3a5db03be-73c6-4050-9b4f-180b1b3cad2d	http://purl.org/pav/hasVersion	hash://sha256/721b43053336945ab27f330ebaec745aefa10a443b9f830c3ebdb7b9f5e86217	4de58f81-551c-4986-a096-ff44bc8d1cc5
http://n2t.net/ark:/65665/m3445205d9-75d2-46cd-a1c4-7595a389f091	http://purl.org/pav/hasVersion	hash://sha256/710f1ecb144d3e554e03aae868cbdc99ad3604299f3277d10e78f47733d7a049	8b406107-67d5-48a3-8e35-be88d1db4c0d
http://n2t.net/ark:/65665/m37fb6a81f-0e93-4b29-b814-25ad8f75df8b	http://purl.org/pav/hasVersion	hash://sha256/80b09876cc652710387163268b476c2c3e83d30ca9686c0678dca9fed75d4138	372e419f-a452-4987-a8ea-2dff29015d6f
http://n2t.net/ark:/65665/m397ba8aa9-d336-48f9-8fa5-0853b20b579a	http://purl.org/pav/hasVersion	hash://sha256/f202107b11880232e646a4b645a660e1d666e86206cec79c189a5ed7c676e350	38c9c82d-74af-46ef-b314-8c801ac18336
http://n2t.net/ark:/65665/m34827bfe7-c154-4812-9a3b-470b08cdff1b	http://purl.org/pav/hasVersion	hash://sha256/24f010e52366737e48ad28c4b890a2fa83e1c9a7b6a7eb85c5f1cdb87de67d92	f0fb6561-0646-42af-bf12-117d571189b1
